donor_id,auroc,auprc,balanced_accuracy,precision,recall,f1,brier,ece,n_lesions,artifact_dir
P4,,,1.0,1.0,1.0,1.0,0.0,0.0,2,outputs/scratch/eamist_full_20260309_fixed/eamist_benchmark/AAH_AIS/eamist/fold_01/seed_042
P11,,,0.0,0.0,0.0,0.0,1.0,1.0,1,outputs/scratch/eamist_full_20260309_fixed/eamist_benchmark/AAH_AIS/eamist/fold_01/seed_042
P22,,,1.0,1.0,1.0,1.0,0.0,0.0,1,outputs/scratch/eamist_full_20260309_fixed/eamist_benchmark/AAH_AIS/eamist/fold_01/seed_042
P1,,,1.0,1.0,1.0,1.0,0.0647056326270103,0.2543730139732361,1,outputs/scratch/eamist_full_20260309_fixed/eamist_benchmark/AAH_AIS/eamist/fold_00/seed_042
P9,,,1.0,1.0,1.0,1.0,0.064707450568676,0.2543765902519226,1,outputs/scratch/eamist_full_20260309_fixed/eamist_benchmark/AAH_AIS/eamist/fold_00/seed_042
P20,,,1.0,1.0,1.0,1.0,0.0645706430077552,0.2541075348854065,1,outputs/scratch/eamist_full_20260309_fixed/eamist_benchmark/AAH_AIS/eamist/fold_00/seed_042
P25,,,1.0,1.0,1.0,1.0,0.0637379810214042,0.2524638175964355,1,outputs/scratch/eamist_full_20260309_fixed/eamist_benchmark/AAH_AIS/eamist/fold_00/seed_042
P2,,,1.0,1.0,1.0,1.0,0.0109347915276885,0.1045695543289184,1,outputs/scratch/eamist_full_20260309_fixed/eamist_benchmark/AAH_AIS/eamist/fold_02/seed_042
P6,,,1.0,1.0,1.0,1.0,0.0384037718176841,0.1959688067436218,1,outputs/scratch/eamist_full_20260309_fixed/eamist_benchmark/AAH_AIS/eamist/fold_02/seed_042
P24,,,1.0,1.0,1.0,1.0,0.0116413086652755,0.1078948974609375,1,outputs/scratch/eamist_full_20260309_fixed/eamist_benchmark/AAH_AIS/eamist/fold_02/seed_042
P4,,,1.0,1.0,1.0,1.0,0.0,0.0,2,outputs/scratch/eamist_full_20260309_fixed/eamist_benchmark/AAH_AIS/lesion_set_transformer/fold_01/seed_042
P11,,,0.0,0.0,0.0,0.0,1.0,1.0,1,outputs/scratch/eamist_full_20260309_fixed/eamist_benchmark/AAH_AIS/lesion_set_transformer/fold_01/seed_042
P22,,,1.0,1.0,1.0,1.0,0.0,0.0,1,outputs/scratch/eamist_full_20260309_fixed/eamist_benchmark/AAH_AIS/lesion_set_transformer/fold_01/seed_042
P1,,,1.0,1.0,1.0,1.0,0.0652561411261558,0.255452811717987,1,outputs/scratch/eamist_full_20260309_fixed/eamist_benchmark/AAH_AIS/lesion_set_transformer/fold_00/seed_042
P9,,,1.0,1.0,1.0,1.0,0.0652528777718544,0.2554464340209961,1,outputs/scratch/eamist_full_20260309_fixed/eamist_benchmark/AAH_AIS/lesion_set_transformer/fold_00/seed_042
P20,,,1.0,1.0,1.0,1.0,0.0652811750769615,0.2555018067359924,1,outputs/scratch/eamist_full_20260309_fixed/eamist_benchmark/AAH_AIS/lesion_set_transformer/fold_00/seed_042
P25,,,1.0,1.0,1.0,1.0,0.0652505084872245,0.2554417848587036,1,outputs/scratch/eamist_full_20260309_fixed/eamist_benchmark/AAH_AIS/lesion_set_transformer/fold_00/seed_042
P2,,,1.0,1.0,1.0,1.0,1.508235072833486e-05,0.0038836002349853,1,outputs/scratch/eamist_full_20260309_fixed/eamist_benchmark/AAH_AIS/lesion_set_transformer/fold_02/seed_042
P6,,,1.0,1.0,1.0,1.0,0.5877101421356201,0.7666225731372833,1,outputs/scratch/eamist_full_20260309_fixed/eamist_benchmark/AAH_AIS/lesion_set_transformer/fold_02/seed_042
P24,,,1.0,1.0,1.0,1.0,1.2416933714121114e-05,0.0035237669944763,1,outputs/scratch/eamist_full_20260309_fixed/eamist_benchmark/AAH_AIS/lesion_set_transformer/fold_02/seed_042
P4,,,1.0,1.0,1.0,1.0,0.0,0.0,2,outputs/scratch/eamist_full_20260309_fixed/eamist_benchmark/AAH_AIS/pooled/fold_01/seed_042
P11,,,0.0,0.0,0.0,0.0,1.0,1.0,1,outputs/scratch/eamist_full_20260309_fixed/eamist_benchmark/AAH_AIS/pooled/fold_01/seed_042
P22,,,1.0,1.0,1.0,1.0,0.0,0.0,1,outputs/scratch/eamist_full_20260309_fixed/eamist_benchmark/AAH_AIS/pooled/fold_01/seed_042
P1,,,1.0,1.0,1.0,1.0,0.0606062039732933,0.2461832761764526,1,outputs/scratch/eamist_full_20260309_fixed/eamist_benchmark/AAH_AIS/pooled/fold_00/seed_042
P9,,,1.0,1.0,1.0,1.0,0.0605996921658515,0.2461700439453125,1,outputs/scratch/eamist_full_20260309_fixed/eamist_benchmark/AAH_AIS/pooled/fold_00/seed_042
P20,,,1.0,1.0,1.0,1.0,0.0608184561133384,0.2466139793395996,1,outputs/scratch/eamist_full_20260309_fixed/eamist_benchmark/AAH_AIS/pooled/fold_00/seed_042
P25,,,1.0,1.0,1.0,1.0,0.0605824068188667,0.2461349368095398,1,outputs/scratch/eamist_full_20260309_fixed/eamist_benchmark/AAH_AIS/pooled/fold_00/seed_042
P2,,,1.0,1.0,1.0,1.0,0.0124669447541236,0.1116554737091064,1,outputs/scratch/eamist_full_20260309_fixed/eamist_benchmark/AAH_AIS/pooled/fold_02/seed_042
P6,,,1.0,1.0,1.0,1.0,0.0126304095610976,0.112385094165802,1,outputs/scratch/eamist_full_20260309_fixed/eamist_benchmark/AAH_AIS/pooled/fold_02/seed_042
P24,,,1.0,1.0,1.0,1.0,0.0123036196455359,0.1109216809272766,1,outputs/scratch/eamist_full_20260309_fixed/eamist_benchmark/AAH_AIS/pooled/fold_02/seed_042
P4,,,1.0,1.0,1.0,1.0,0.0,0.0,2,outputs/scratch/eamist_full_20260309_fixed/eamist_benchmark/AAH_AIS/deep_sets/fold_01/seed_042
P11,,,0.0,0.0,0.0,0.0,1.0,1.0,1,outputs/scratch/eamist_full_20260309_fixed/eamist_benchmark/AAH_AIS/deep_sets/fold_01/seed_042
P22,,,1.0,1.0,1.0,1.0,0.0,0.0,1,outputs/scratch/eamist_full_20260309_fixed/eamist_benchmark/AAH_AIS/deep_sets/fold_01/seed_042
P1,,,1.0,1.0,1.0,1.0,0.0611040443181991,0.2471923232078552,1,outputs/scratch/eamist_full_20260309_fixed/eamist_benchmark/AAH_AIS/deep_sets/fold_00/seed_042
P9,,,1.0,1.0,1.0,1.0,0.0611245259642601,0.2472337484359741,1,outputs/scratch/eamist_full_20260309_fixed/eamist_benchmark/AAH_AIS/deep_sets/fold_00/seed_042
P20,,,1.0,1.0,1.0,1.0,0.0614110380411148,0.2478125095367431,1,outputs/scratch/eamist_full_20260309_fixed/eamist_benchmark/AAH_AIS/deep_sets/fold_00/seed_042
P25,,,1.0,1.0,1.0,1.0,0.0610479526221752,0.2470788359642028,1,outputs/scratch/eamist_full_20260309_fixed/eamist_benchmark/AAH_AIS/deep_sets/fold_00/seed_042
P2,,,1.0,1.0,1.0,1.0,0.0145463403314352,0.1206082105636596,1,outputs/scratch/eamist_full_20260309_fixed/eamist_benchmark/AAH_AIS/deep_sets/fold_02/seed_042
P6,,,1.0,1.0,1.0,1.0,0.0791391506791114,0.2813168168067932,1,outputs/scratch/eamist_full_20260309_fixed/eamist_benchmark/AAH_AIS/deep_sets/fold_02/seed_042
P24,,,1.0,1.0,1.0,1.0,0.0078217182308435,0.0884404778480529,1,outputs/scratch/eamist_full_20260309_fixed/eamist_benchmark/AAH_AIS/deep_sets/fold_02/seed_042
P3,,,1.0,1.0,1.0,1.0,0.289881944656372,0.5384068489074707,1,outputs/scratch/eamist_full_20260309_fixed/eamist_benchmark/AIS_MIA/eamist/fold_01/seed_042
P9,,,1.0,1.0,1.0,1.0,0.2898996472358703,0.5384232699871063,1,outputs/scratch/eamist_full_20260309_fixed/eamist_benchmark/AIS_MIA/eamist/fold_01/seed_042
P14,,,1.0,1.0,1.0,1.0,0.2899083793163299,0.5384314358234406,1,outputs/scratch/eamist_full_20260309_fixed/eamist_benchmark/AIS_MIA/eamist/fold_01/seed_042
P19,,,1.0,1.0,1.0,1.0,0.2898159623146057,0.5383455753326416,1,outputs/scratch/eamist_full_20260309_fixed/eamist_benchmark/AIS_MIA/eamist/fold_01/seed_042
P8,,,1.0,1.0,1.0,1.0,0.0064667463302612,0.0804160833358764,1,outputs/scratch/eamist_full_20260309_fixed/eamist_benchmark/AIS_MIA/eamist/fold_00/seed_042
P12,,,1.0,1.0,1.0,1.0,0.0064209955744445,0.0801311135292053,1,outputs/scratch/eamist_full_20260309_fixed/eamist_benchmark/AIS_MIA/eamist/fold_00/seed_042
P17,,,0.0,0.0,0.0,0.0,0.846451997756958,0.920028269290924,1,outputs/scratch/eamist_full_20260309_fixed/eamist_benchmark/AIS_MIA/eamist/fold_00/seed_042
P23,,,0.0,0.0,0.0,0.0,0.8468963503837585,0.9202697277069092,2,outputs/scratch/eamist_full_20260309_fixed/eamist_benchmark/AIS_MIA/eamist/fold_00/seed_042
P5,,,0.0,0.0,0.0,0.0,0.2967362403869629,0.5447350144386292,1,outputs/scratch/eamist_full_20260309_fixed/eamist_benchmark/AIS_MIA/eamist/fold_02/seed_042
P16,,,1.0,1.0,1.0,1.0,0.2071343511343002,0.4551201462745666,1,outputs/scratch/eamist_full_20260309_fixed/eamist_benchmark/AIS_MIA/eamist/fold_02/seed_042
P21,,,1.0,1.0,1.0,1.0,0.2069817781448364,0.4549524784088135,2,outputs/scratch/eamist_full_20260309_fixed/eamist_benchmark/AIS_MIA/eamist/fold_02/seed_042
P3,,,1.0,1.0,1.0,1.0,0.2880659699440002,0.5367178022861481,1,outputs/scratch/eamist_full_20260309_fixed/eamist_benchmark/AIS_MIA/lesion_set_transformer/fold_01/seed_042
P9,,,1.0,1.0,1.0,1.0,0.2879092395305633,0.5365717709064484,1,outputs/scratch/eamist_full_20260309_fixed/eamist_benchmark/AIS_MIA/lesion_set_transformer/fold_01/seed_042
P14,,,1.0,1.0,1.0,1.0,0.2880178689956665,0.536672979593277,1,outputs/scratch/eamist_full_20260309_fixed/eamist_benchmark/AIS_MIA/lesion_set_transformer/fold_01/seed_042
P19,,,1.0,1.0,1.0,1.0,0.2880116999149322,0.5366672575473785,1,outputs/scratch/eamist_full_20260309_fixed/eamist_benchmark/AIS_MIA/lesion_set_transformer/fold_01/seed_042
P8,,,1.0,1.0,1.0,1.0,0.0218607429414987,0.1478537917137146,1,outputs/scratch/eamist_full_20260309_fixed/eamist_benchmark/AIS_MIA/lesion_set_transformer/fold_00/seed_042
P12,,,1.0,1.0,1.0,1.0,1.9214551230106736e-06,0.0013861656188964,1,outputs/scratch/eamist_full_20260309_fixed/eamist_benchmark/AIS_MIA/lesion_set_transformer/fold_00/seed_042
P17,,,0.0,0.0,0.0,0.0,0.9993666410446168,0.9996832609176636,1,outputs/scratch/eamist_full_20260309_fixed/eamist_benchmark/AIS_MIA/lesion_set_transformer/fold_00/seed_042
P23,,,0.5,0.0,0.0,0.0,0.5031569004058838,0.5448186732828617,2,outputs/scratch/eamist_full_20260309_fixed/eamist_benchmark/AIS_MIA/lesion_set_transformer/fold_00/seed_042
P5,,,0.0,0.0,0.0,0.0,0.7424810528755188,0.8616734147071838,1,outputs/scratch/eamist_full_20260309_fixed/eamist_benchmark/AIS_MIA/lesion_set_transformer/fold_02/seed_042
P16,,,1.0,1.0,1.0,1.0,0.0191342607140541,0.1383266448974609,1,outputs/scratch/eamist_full_20260309_fixed/eamist_benchmark/AIS_MIA/lesion_set_transformer/fold_02/seed_042
P21,,,1.0,1.0,1.0,1.0,0.0191342029720544,0.1383264064788818,2,outputs/scratch/eamist_full_20260309_fixed/eamist_benchmark/AIS_MIA/lesion_set_transformer/fold_02/seed_042
P3,,,1.0,1.0,1.0,1.0,0.2815016508102417,0.5305673182010651,1,outputs/scratch/eamist_full_20260309_fixed/eamist_benchmark/AIS_MIA/pooled/fold_01/seed_042
P9,,,1.0,1.0,1.0,1.0,0.2812115252017975,0.5302938520908356,1,outputs/scratch/eamist_full_20260309_fixed/eamist_benchmark/AIS_MIA/pooled/fold_01/seed_042
P14,,,1.0,1.0,1.0,1.0,0.281408429145813,0.5304794609546661,1,outputs/scratch/eamist_full_20260309_fixed/eamist_benchmark/AIS_MIA/pooled/fold_01/seed_042
P19,,,1.0,1.0,1.0,1.0,0.2813943922519684,0.5304661989212036,1,outputs/scratch/eamist_full_20260309_fixed/eamist_benchmark/AIS_MIA/pooled/fold_01/seed_042
P8,,,0.0,0.0,0.0,0.0,0.9945701360702516,0.997281399788335,1,outputs/scratch/eamist_full_20260309_fixed/eamist_benchmark/AIS_MIA/pooled/fold_00/seed_042
P12,,,1.0,1.0,1.0,1.0,4.600920533448516e-09,6.783008575439453e-05,1,outputs/scratch/eamist_full_20260309_fixed/eamist_benchmark/AIS_MIA/pooled/fold_00/seed_042
P17,,,0.0,0.0,0.0,0.0,0.9653847813606262,0.9825399518013,1,outputs/scratch/eamist_full_20260309_fixed/eamist_benchmark/AIS_MIA/pooled/fold_00/seed_042
P23,,,0.0,0.0,0.0,0.0,0.999872088432312,0.999936044216156,2,outputs/scratch/eamist_full_20260309_fixed/eamist_benchmark/AIS_MIA/pooled/fold_00/seed_042
P5,,,0.0,0.0,0.0,0.0,0.8009912371635437,0.8949811458587646,1,outputs/scratch/eamist_full_20260309_fixed/eamist_benchmark/AIS_MIA/pooled/fold_02/seed_042
P16,,,1.0,1.0,1.0,1.0,0.0110556045547127,0.1051456332206726,1,outputs/scratch/eamist_full_20260309_fixed/eamist_benchmark/AIS_MIA/pooled/fold_02/seed_042
P21,,,1.0,1.0,1.0,1.0,0.0110283214598894,0.1050158143043518,2,outputs/scratch/eamist_full_20260309_fixed/eamist_benchmark/AIS_MIA/pooled/fold_02/seed_042
P3,,,1.0,1.0,1.0,1.0,0.3139093518257141,0.5602761805057526,1,outputs/scratch/eamist_full_20260309_fixed/eamist_benchmark/AIS_MIA/deep_sets/fold_01/seed_042
P9,,,1.0,1.0,1.0,1.0,0.3137724697589874,0.5601539611816406,1,outputs/scratch/eamist_full_20260309_fixed/eamist_benchmark/AIS_MIA/deep_sets/fold_01/seed_042
P14,,,1.0,1.0,1.0,1.0,0.31389120221138,0.5602599382400513,1,outputs/scratch/eamist_full_20260309_fixed/eamist_benchmark/AIS_MIA/deep_sets/fold_01/seed_042
P19,,,1.0,1.0,1.0,1.0,0.313881903886795,0.5602516531944275,1,outputs/scratch/eamist_full_20260309_fixed/eamist_benchmark/AIS_MIA/deep_sets/fold_01/seed_042
P8,,,1.0,1.0,1.0,1.0,0.0100971926003694,0.1004847884178161,1,outputs/scratch/eamist_full_20260309_fixed/eamist_benchmark/AIS_MIA/deep_sets/fold_00/seed_042
P12,,,1.0,1.0,1.0,1.0,0.0094758858904242,0.097344160079956,1,outputs/scratch/eamist_full_20260309_fixed/eamist_benchmark/AIS_MIA/deep_sets/fold_00/seed_042
P17,,,0.0,0.0,0.0,0.0,0.8178426623344421,0.904346525669098,1,outputs/scratch/eamist_full_20260309_fixed/eamist_benchmark/AIS_MIA/deep_sets/fold_00/seed_042
P23,,,0.0,0.0,0.0,0.0,0.8125513792037964,0.901415765285492,2,outputs/scratch/eamist_full_20260309_fixed/eamist_benchmark/AIS_MIA/deep_sets/fold_00/seed_042
P5,,,0.0,0.0,0.0,0.0,0.4623010456562042,0.6799272298812866,1,outputs/scratch/eamist_full_20260309_fixed/eamist_benchmark/AIS_MIA/deep_sets/fold_02/seed_042
P16,,,1.0,1.0,1.0,1.0,0.1047936230897903,0.3237184286117553,1,outputs/scratch/eamist_full_20260309_fixed/eamist_benchmark/AIS_MIA/deep_sets/fold_02/seed_042
P21,,,1.0,1.0,1.0,1.0,0.1024553179740905,0.3200864195823669,2,outputs/scratch/eamist_full_20260309_fixed/eamist_benchmark/AIS_MIA/deep_sets/fold_02/seed_042
